TDSFU Daily run: Fri Oct 24 16:34:15 UTC 2025 TDSFU
TDSFU Daily run: Sat Oct 25 04:33:38 UTC 2025 TDSFU
TDSFU Daily run: Sun Oct 26 04:33:53 UTC 2025 TDSFU
TDSFU Daily run: Mon Oct 27 04:42:54 UTC 2025 TDSFU
TDSFU Daily run: Tue Oct 28 04:35:41 UTC 2025 TDSFU
TDSFU Daily run: Wed Oct 29 04:41:29 UTC 2025 TDSFU
TDSFU Daily run: Thu Oct 30 04:35:19 UTC 2025 TDSFU
TDSFU Daily run: Fri Oct 31 04:38:26 UTC 2025 TDSFU
TDSFU Daily run: Sat Nov  1 04:33:09 UTC 2025 TDSFU
TDSFU Daily run: Sun Nov  2 04:35:55 UTC 2025 TDSFU
TDSFU Daily run: Mon Nov  3 04:42:07 UTC 2025 TDSFU
TDSFU Daily run: Tue Nov  4 04:36:00 UTC 2025 TDSFU
TDSFU Daily run: Wed Nov  5 04:36:43 UTC 2025 TDSFU
TDSFU Daily run: Thu Nov  6 04:42:01 UTC 2025 TDSFU
